"CAR_CATEGORY_COMMUNITY_CAR","RV2 Vehicles"
"CAR_XUSRNBG","Superturbo Oval Champ"
"CAR_CAPS_XUSRNBG","SUPERTURBO OVAL CHAMP"
"CAR_XUSCL1BG","Rai-Jin Superturbo"
"CAR_CAPS_XUSCL1BG","RAI-JIN SUPERTURBO"
"CAR_XUSRCBG","Pioneer Super Dragon"
"CAR_CAPS_XUSRCBG","PIONEER SUPER DRAGON"
"CAR_XUSRCBC","Extreme Olympus"
"CAR_CAPS_XUSRCBC","EXTREME OLYMPUS"
"CAR_XUSBHBG","Toy Extreme Olympus"
"CAR_CAPS_XUSBHBG","TOY EXTREME OLYMPUS"
"CAR_XUSM1BC","Toy PCPD Cavalry"
"CAR_CAPS_XUSM1BC","TOY PCPD CAVALRY"
"CAR_XEUBRC","Toy PCPD GT Concept"
"CAR_CAPS_XEUBRC","TOY PCPD GT CONCEPT"
"CAR_XUSM3C","Toy PCPD Special"
"CAR_CAPS_XUSM3C","TOY PCPD SPECIAL"
"CAR_XASBSBG","Toy PCPD P12"
"CAR_CAPS_XASBSBG","TOY PCPD P12"
"CAR_XEULM1BG","Toy PCPD Manhattan"
"CAR_CAPS_XEULM1BG","TOY PCPD MANHATTAN"
"CAR_PUSGABG","Toy PCPD Takedown 4X4"
"CAR_CAPS_PUSGABG","TOY PCPD TAKEDOWN 4X4"
"CAR_XEUSVBG","Toy PCPD Inferno"
"CAR_CAPS_XEUSVBG","TOY PCPD INFERNO"
"CAR_XUSPKBG","PCPD Olympus"
"CAR_CAPS_XUSPKBG","PCPD OLYMPUS"
"CAR_XUSCL1BC","PCPD Rai-Jin Turbo"
"CAR_CAPS_XUSCL1BC","PCPD RAI-JIN TURBO"
"CAR_XEURRBG","PCPD Annihilator Street Rod"
"CAR_CAPS_XEURRBG","PCPD ANNIHILATOR STREET ROD"
"CAR_XEURC3BG","Baguetti Carb Injection"
"CAR_CAPS_XEURC3BG","BAGUETTI CARB INJECTION"
"CAR_XUSLT2BC","Lada 2107"
"CAR_CAPS_XUSLT2BC","LADA 2107"
"CAR_XUSLT2BG","Buick Grand National GNX"
"CAR_CAPS_XUSLT2BG","BUICK GRAND NATIONAL GNX"
"CAR_XASC1BG","Ford Fiesta RS WRC Ken Block"
"CAR_CAPS_XASC1BG","FORD FIESTA RS WRC KEN BLOCK"
"CAR_XUSCCOBC","Bugatti Veyron 16.4 Super Sport"
"CAR_CAPS_XUSCCOBC","BUGATTI VEYRON 16.4 SUPER SPORT"
"CAR_XUSM4BG","Steam Roller"
"CAR_CAPS_XUSM4BG","STEAM ROLLER"
"CAR_XEUSVBC","Tractor"
"CAR_CAPS_XEUSVBC","TRACTOR"
"CAR_PUSGABC","Speed Boat"
"CAR_CAPS_PUSGABC","SPEED BOAT"
"CAR_XUSCCBG","Plane"
"CAR_CAPS_XUSCCBG","PLANE"
"CAR_XUSCCBC","Helicopter"
"CAR_CAPS_XUSCCBC","HELICOPTER"
"CAR_XEULMB3","Winnebago"
"CAR_CAPS_XEULMB3","WINNEBAGO"
"CAR_PUSRC0G","Caravan"
"CAR_CAPS_PUSRC0G","CARAVAN"
"CAR_PASC0C","Car Wreck"
"CAR_CAPS_PASC0C","CAR WRECK"
"CAR_XASC1BC","Pickup Wreck"
"CAR_CAPS_XASC1BC","PICKUP WRECK"
"CAR_PUSMC0C","ZX50"
"CAR_CAPS_PUSMC0C","ZX50"
"CAR_PUSCLT0C","Train Engine"
"CAR_CAPS_PUSCLT0C","TRAIN ENGINE"
"CAR_PASBSC0C","Forklift"
"CAR_CAPS_PASBSC0C","FORKLIFT"
"CAR_PEUSC04S","Bulldozer"
"CAR_CAPS_PEUSC04S","BULLDOZER"
"CAR_XUSPKBC","Mine Truck"
"CAR_CAPS_XUSPKBC","MINE TRUCK"
